﻿<?xml version="1.0" encoding="utf-8"?>
<items>
  <item id="1" name="北京市" pid="1" zip="100000"></item>
  <item id="2" name="天津市" pid="2" zip="100000"></item>
  <item id="3" name="石家庄市" pid="3" zip="050000"></item>
  <item id="4" name="唐山市" pid="3" zip="063000"></item>
  <item id="5" name="秦皇岛市" pid="3" zip="066000"></item>
  <item id="6" name="邯郸市" pid="3" zip="056000"></item>
  <item id="7" name="邢台市" pid="3" zip="054000"></item>
  <item id="8" name="保定市" pid="3" zip="071000"></item>
  <item id="9" name="张家口市" pid="3" zip="075000"></item>
  <item id="10" name="承德市" pid="3" zip="067000"></item>
  <item id="11" name="沧州市" pid="3" zip="061000"></item>
  <item id="12" name="廊坊市" pid="3" zip="065000"></item>
  <item id="13" name="衡水市" pid="3" zip="053000"></item>
  <item id="14" name="太原市" pid="4" zip="030000"></item>
  <item id="15" name="大同市" pid="4" zip="037000"></item>
  <item id="16" name="阳泉市" pid="4" zip="045000"></item>
  <item id="17" name="长治市" pid="4" zip="046000"></item>
  <item id="18" name="晋城市" pid="4" zip="048000"></item>
  <item id="19" name="朔州市" pid="4" zip="036000"></item>
  <item id="20" name="晋中市" pid="4" zip="030600"></item>
  <item id="21" name="运城市" pid="4" zip="044000"></item>
  <item id="22" name="忻州市" pid="4" zip="034000"></item>
  <item id="23" name="临汾市" pid="4" zip="041000"></item>
  <item id="24" name="吕梁市" pid="4" zip="030500"></item>
  <item id="25" name="呼和浩特市" pid="5" zip="010000"></item>
  <item id="26" name="包头市" pid="5" zip="014000"></item>
  <item id="27" name="乌海市" pid="5" zip="016000"></item>
  <item id="28" name="赤峰市" pid="5" zip="024000"></item>
  <item id="29" name="通辽市" pid="5" zip="028000"></item>
  <item id="30" name="鄂尔多斯市" pid="5" zip="010300"></item>
  <item id="31" name="呼伦贝尔市" pid="5" zip="021000"></item>
  <item id="32" name="巴彦淖尔市" pid="5" zip="014400"></item>
  <item id="33" name="乌兰察布市" pid="5" zip="011800"></item>
  <item id="34" name="兴安盟" pid="5" zip="137500"></item>
  <item id="35" name="锡林郭勒盟" pid="5" zip="011100"></item>
  <item id="36" name="阿拉善盟" pid="5" zip="016000"></item>
  <item id="37" name="沈阳市" pid="6" zip="110000"></item>
  <item id="38" name="大连市" pid="6" zip="116000"></item>
  <item id="39" name="鞍山市" pid="6" zip="114000"></item>
  <item id="40" name="抚顺市" pid="6" zip="113000"></item>
  <item id="41" name="本溪市" pid="6" zip="117000"></item>
  <item id="42" name="丹东市" pid="6" zip="118000"></item>
  <item id="43" name="锦州市" pid="6" zip="121000"></item>
  <item id="44" name="营口市" pid="6" zip="115000"></item>
  <item id="45" name="阜新市" pid="6" zip="123000"></item>
  <item id="46" name="辽阳市" pid="6" zip="111000"></item>
  <item id="47" name="盘锦市" pid="6" zip="124000"></item>
  <item id="48" name="铁岭市" pid="6" zip="112000"></item>
  <item id="49" name="朝阳市" pid="6" zip="122000"></item>
  <item id="50" name="葫芦岛市" pid="6" zip="125000"></item>
  <item id="51" name="长春市" pid="7" zip="130000"></item>
  <item id="52" name="吉林市" pid="7" zip="132000"></item>
  <item id="53" name="四平市" pid="7" zip="136000"></item>
  <item id="54" name="辽源市" pid="7" zip="136200"></item>
  <item id="55" name="通化市" pid="7" zip="134000"></item>
  <item id="56" name="白山市" pid="7" zip="134300"></item>
  <item id="57" name="松原市" pid="7" zip="131100"></item>
  <item id="58" name="白城市" pid="7" zip="137000"></item>
  <item id="59" name="延边朝鲜族自治州" pid="7" zip="133000"></item>
  <item id="60" name="哈尔滨市" pid="8" zip="150000"></item>
  <item id="61" name="齐齐哈尔市" pid="8" zip="161000"></item>
  <item id="62" name="鸡西市" pid="8" zip="158100"></item>
  <item id="63" name="鹤岗市" pid="8" zip="154100"></item>
  <item id="64" name="双鸭山市" pid="8" zip="155100"></item>
  <item id="65" name="大庆市" pid="8" zip="163000"></item>
  <item id="66" name="伊春市" pid="8" zip="152300"></item>
  <item id="67" name="佳木斯市" pid="8" zip="154000"></item>
  <item id="68" name="七台河市" pid="8" zip="154600"></item>
  <item id="69" name="牡丹江市" pid="8" zip="157000"></item>
  <item id="70" name="黑河市" pid="8" zip="164300"></item>
  <item id="71" name="绥化市" pid="8" zip="152000"></item>
  <item id="72" name="大兴安岭地区" pid="8" zip="165000"></item>
  <item id="73" name="上海市" pid="9" zip="200000"></item>
  <item id="74" name="南京市" pid="10" zip="210000"></item>
  <item id="75" name="无锡市" pid="10" zip="214000"></item>
  <item id="76" name="徐州市" pid="10" zip="221000"></item>
  <item id="77" name="常州市" pid="10" zip="213000"></item>
  <item id="78" name="苏州市" pid="10" zip="215000"></item>
  <item id="79" name="南通市" pid="10" zip="226000"></item>
  <item id="80" name="连云港市" pid="10" zip="222000"></item>
  <item id="81" name="淮安市" pid="10" zip="223200"></item>
  <item id="82" name="盐城市" pid="10" zip="224000"></item>
  <item id="83" name="扬州市" pid="10" zip="225000"></item>
  <item id="84" name="镇江市" pid="10" zip="212000"></item>
  <item id="85" name="泰州市" pid="10" zip="225300"></item>
  <item id="86" name="宿迁市" pid="10" zip="223800"></item>
  <item id="87" name="杭州市" pid="11" zip="310000"></item>
  <item id="88" name="宁波市" pid="11" zip="315000"></item>
  <item id="89" name="温州市" pid="11" zip="325000"></item>
  <item id="90" name="嘉兴市" pid="11" zip="314000"></item>
  <item id="91" name="湖州市" pid="11" zip="313000"></item>
  <item id="92" name="绍兴市" pid="11" zip="312000"></item>
  <item id="93" name="金华市" pid="11" zip="321000"></item>
  <item id="94" name="衢州市" pid="11" zip="324000"></item>
  <item id="95" name="舟山市" pid="11" zip="316000"></item>
  <item id="96" name="台州市" pid="11" zip="318000"></item>
  <item id="97" name="丽水市" pid="11" zip="323000"></item>
  <item id="98" name="合肥市" pid="12" zip="230000"></item>
  <item id="99" name="芜湖市" pid="12" zip="241000"></item>
  <item id="100" name="蚌埠市" pid="12" zip="233000"></item>
  <item id="101" name="淮南市" pid="12" zip="232000"></item>
  <item id="102" name="马鞍山市" pid="12" zip="243000"></item>
  <item id="103" name="淮北市" pid="12" zip="235000"></item>
  <item id="104" name="铜陵市" pid="12" zip="244000"></item>
  <item id="105" name="安庆市" pid="12" zip="246000"></item>
  <item id="106" name="黄山市" pid="12" zip="242700"></item>
  <item id="107" name="滁州市" pid="12" zip="239000"></item>
  <item id="108" name="阜阳市" pid="12" zip="236100"></item>
  <item id="109" name="宿州市" pid="12" zip="234100"></item>
  <item id="110" name="巢湖市" pid="12" zip="238000"></item>
  <item id="111" name="六安市" pid="12" zip="237000"></item>
  <item id="112" name="亳州市" pid="12" zip="236800"></item>
  <item id="113" name="池州市" pid="12" zip="247100"></item>
  <item id="114" name="宣城市" pid="12" zip="366000"></item>
  <item id="115" name="福州市" pid="13" zip="350000"></item>
  <item id="116" name="厦门市" pid="13" zip="361000"></item>
  <item id="117" name="莆田市" pid="13" zip="351100"></item>
  <item id="118" name="三明市" pid="13" zip="365000"></item>
  <item id="119" name="泉州市" pid="13" zip="362000"></item>
  <item id="120" name="漳州市" pid="13" zip="363000"></item>
  <item id="121" name="南平市" pid="13" zip="353000"></item>
  <item id="122" name="龙岩市" pid="13" zip="364000"></item>
  <item id="123" name="宁德市" pid="13" zip="352100"></item>
  <item id="124" name="南昌市" pid="14" zip="330000"></item>
  <item id="125" name="景德镇市" pid="14" zip="333000"></item>
  <item id="126" name="萍乡市" pid="14" zip="337000"></item>
  <item id="127" name="九江市" pid="14" zip="332000"></item>
  <item id="128" name="新余市" pid="14" zip="338000"></item>
  <item id="129" name="鹰潭市" pid="14" zip="335000"></item>
  <item id="130" name="赣州市" pid="14" zip="341000"></item>
  <item id="131" name="吉安市" pid="14" zip="343000"></item>
  <item id="132" name="宜春市" pid="14" zip="336000"></item>
  <item id="133" name="抚州市" pid="14" zip="332900"></item>
  <item id="134" name="上饶市" pid="14" zip="334000"></item>
  <item id="135" name="济南市" pid="15" zip="250000"></item>
  <item id="136" name="青岛市" pid="15" zip="266000"></item>
  <item id="137" name="淄博市" pid="15" zip="255000"></item>
  <item id="138" name="枣庄市" pid="15" zip="277100"></item>
  <item id="139" name="东营市" pid="15" zip="257000"></item>
  <item id="140" name="烟台市" pid="15" zip="264000"></item>
  <item id="141" name="潍坊市" pid="15" zip="261000"></item>
  <item id="142" name="济宁市" pid="15" zip="272100"></item>
  <item id="143" name="泰安市" pid="15" zip="271000"></item>
  <item id="144" name="威海市" pid="15" zip="265700"></item>
  <item id="145" name="日照市" pid="15" zip="276800"></item>
  <item id="146" name="莱芜市" pid="15" zip="271100"></item>
  <item id="147" name="临沂市" pid="15" zip="276000"></item>
  <item id="148" name="德州市" pid="15" zip="253000"></item>
  <item id="149" name="聊城市" pid="15" zip="252000"></item>
  <item id="150" name="滨州市" pid="15" zip="256600"></item>
  <item id="151" name="荷泽市" pid="15" zip="255000"></item>
  <item id="152" name="郑州市" pid="16" zip="450000"></item>
  <item id="153" name="开封市" pid="16" zip="475000"></item>
  <item id="154" name="洛阳市" pid="16" zip="471000"></item>
  <item id="155" name="平顶山市" pid="16" zip="467000"></item>
  <item id="156" name="安阳市" pid="16" zip="454900"></item>
  <item id="157" name="鹤壁市" pid="16" zip="456600"></item>
  <item id="158" name="新乡市" pid="16" zip="453000"></item>
  <item id="159" name="焦作市" pid="16" zip="454100"></item>
  <item id="160" name="濮阳市" pid="16" zip="457000"></item>
  <item id="161" name="许昌市" pid="16" zip="461000"></item>
  <item id="162" name="漯河市" pid="16" zip="462000"></item>
  <item id="163" name="三门峡市" pid="16" zip="472000"></item>
  <item id="164" name="南阳市" pid="16" zip="473000"></item>
  <item id="165" name="商丘市" pid="16" zip="476000"></item>
  <item id="166" name="信阳市" pid="16" zip="464000"></item>
  <item id="167" name="周口市" pid="16" zip="466000"></item>
  <item id="168" name="驻马店市" pid="16" zip="463000"></item>
  <item id="169" name="武汉市" pid="17" zip="430000"></item>
  <item id="170" name="黄石市" pid="17" zip="435000"></item>
  <item id="171" name="十堰市" pid="17" zip="442000"></item>
  <item id="172" name="宜昌市" pid="17" zip="443000"></item>
  <item id="173" name="襄樊市" pid="17" zip="441000"></item>
  <item id="174" name="鄂州市" pid="17" zip="436000"></item>
  <item id="175" name="荆门市" pid="17" zip="448000"></item>
  <item id="176" name="孝感市" pid="17" zip="432100"></item>
  <item id="177" name="荆州市" pid="17" zip="434000"></item>
  <item id="178" name="黄冈市" pid="17" zip="438000"></item>
  <item id="179" name="咸宁市" pid="17" zip="437000"></item>
  <item id="180" name="随州市" pid="17" zip="441300"></item>
  <item id="181" name="恩施土家族苗族自治州" pid="17" zip="445000"></item>
  <item id="182" name="神农架" pid="17" zip="442400"></item>
  <item id="183" name="长沙市" pid="18" zip="410000"></item>
  <item id="184" name="株洲市" pid="18" zip="412000"></item>
  <item id="185" name="湘潭市" pid="18" zip="411100"></item>
  <item id="186" name="衡阳市" pid="18" zip="421000"></item>
  <item id="187" name="邵阳市" pid="18" zip="422000"></item>
  <item id="188" name="岳阳市" pid="18" zip="414000"></item>
  <item id="189" name="常德市" pid="18" zip="415000"></item>
  <item id="190" name="张家界市" pid="18" zip="427000"></item>
  <item id="191" name="益阳市" pid="18" zip="413000"></item>
  <item id="192" name="郴州市" pid="18" zip="423000"></item>
  <item id="193" name="永州市" pid="18" zip="425000"></item>
  <item id="194" name="怀化市" pid="18" zip="418000"></item>
  <item id="195" name="娄底市" pid="18" zip="417000"></item>
  <item id="196" name="湘西土家族苗族自治州" pid="18" zip="416000"></item>
  <item id="197" name="广州市" pid="19" zip="510000"></item>
  <item id="198" name="韶关市" pid="19" zip="521000"></item>
  <item id="199" name="深圳市" pid="19" zip="518000"></item>
  <item id="200" name="珠海市" pid="19" zip="519000"></item>
  <item id="201" name="汕头市" pid="19" zip="515000"></item>
  <item id="202" name="佛山市" pid="19" zip="528000"></item>
  <item id="203" name="江门市" pid="19" zip="529000"></item>
  <item id="204" name="湛江市" pid="19" zip="524000"></item>
  <item id="205" name="茂名市" pid="19" zip="525000"></item>
  <item id="206" name="肇庆市" pid="19" zip="526000"></item>
  <item id="207" name="惠州市" pid="19" zip="516000"></item>
  <item id="208" name="梅州市" pid="19" zip="514000"></item>
  <item id="209" name="汕尾市" pid="19" zip="516600"></item>
  <item id="210" name="河源市" pid="19" zip="517000"></item>
  <item id="211" name="阳江市" pid="19" zip="529500"></item>
  <item id="212" name="清远市" pid="19" zip="511500"></item>
  <item id="213" name="东莞市" pid="19" zip="511700"></item>
  <item id="214" name="中山市" pid="19" zip="528400"></item>
  <item id="215" name="潮州市" pid="19" zip="515600"></item>
  <item id="216" name="揭阳市" pid="19" zip="522000"></item>
  <item id="217" name="云浮市" pid="19" zip="527300"></item>
  <item id="218" name="南宁市" pid="20" zip="530000"></item>
  <item id="219" name="柳州市" pid="20" zip="545000"></item>
  <item id="220" name="桂林市" pid="20" zip="541000"></item>
  <item id="221" name="梧州市" pid="20" zip="543000"></item>
  <item id="222" name="北海市" pid="20" zip="536000"></item>
  <item id="223" name="防城港市" pid="20" zip="538000"></item>
  <item id="224" name="钦州市" pid="20" zip="535000"></item>
  <item id="225" name="贵港市" pid="20" zip="537100"></item>
  <item id="226" name="玉林市" pid="20" zip="537000"></item>
  <item id="227" name="百色市" pid="20" zip="533000"></item>
  <item id="228" name="贺州市" pid="20" zip="542800"></item>
  <item id="229" name="河池市" pid="20" zip="547000"></item>
  <item id="230" name="来宾市" pid="20" zip="546100"></item>
  <item id="231" name="崇左市" pid="20" zip="532200"></item>
  <item id="232" name="海口市" pid="21" zip="570000"></item>
  <item id="233" name="三亚市" pid="21" zip="572000"></item>
  <item id="234" name="重庆市" pid="22" zip="400000"></item>
  <item id="235" name="成都市" pid="23" zip="610000"></item>
  <item id="236" name="自贡市" pid="23" zip="643000"></item>
  <item id="237" name="攀枝花市" pid="23" zip="617000"></item>
  <item id="238" name="泸州市" pid="23" zip="646100"></item>
  <item id="239" name="德阳市" pid="23" zip="618000"></item>
  <item id="240" name="绵阳市" pid="23" zip="621000"></item>
  <item id="241" name="广元市" pid="23" zip="628000"></item>
  <item id="242" name="遂宁市" pid="23" zip="629000"></item>
  <item id="243" name="内江市" pid="23" zip="641000"></item>
  <item id="244" name="乐山市" pid="23" zip="614000"></item>
  <item id="245" name="南充市" pid="23" zip="637000"></item>
  <item id="246" name="眉山市" pid="23" zip="612100"></item>
  <item id="247" name="宜宾市" pid="23" zip="644000"></item>
  <item id="248" name="广安市" pid="23" zip="638000"></item>
  <item id="249" name="达州市" pid="23" zip="635000"></item>
  <item id="250" name="雅安市" pid="23" zip="625000"></item>
  <item id="251" name="巴中市" pid="23" zip="635500"></item>
  <item id="252" name="资阳市" pid="23" zip="641300"></item>
  <item id="253" name="阿坝藏族羌族自治州" pid="23" zip="624600"></item>
  <item id="254" name="甘孜藏族自治州" pid="23" zip="626000"></item>
  <item id="255" name="凉山彝族自治州" pid="23" zip="615000"></item>
  <item id="256" name="贵阳市" pid="24" zip="55000"></item>
  <item id="257" name="六盘水市" pid="24" zip="553000"></item>
  <item id="258" name="遵义市" pid="24" zip="563000"></item>
  <item id="259" name="安顺市" pid="24" zip="561000"></item>
  <item id="260" name="铜仁地区" pid="24" zip="554300"></item>
  <item id="261" name="黔西南布依族苗族自治州" pid="24" zip="551500"></item>
  <item id="262" name="毕节地区" pid="24" zip="551700"></item>
  <item id="263" name="黔东南苗族侗族自治州" pid="24" zip="551500"></item>
  <item id="264" name="黔南布依族苗族自治州" pid="24" zip="550100"></item>
  <item id="265" name="昆明市" pid="25" zip="650000"></item>
  <item id="266" name="曲靖市" pid="25" zip="655000"></item>
  <item id="267" name="玉溪市" pid="25" zip="653100"></item>
  <item id="268" name="保山市" pid="25" zip="678000"></item>
  <item id="269" name="昭通市" pid="25" zip="657000"></item>
  <item id="270" name="丽江市" pid="25" zip="674100"></item>
  <item id="271" name="思茅市" pid="25" zip="665000"></item>
  <item id="272" name="临沧市" pid="25" zip="677000"></item>
  <item id="273" name="楚雄彝族自治州" pid="25" zip="675000"></item>
  <item id="274" name="红河哈尼族彝族自治州" pid="25" zip="654400"></item>
  <item id="275" name="文山壮族苗族自治州" pid="25" zip="663000"></item>
  <item id="276" name="西双版纳傣族自治州" pid="25" zip="666200"></item>
  <item id="277" name="大理白族自治州" pid="25" zip="671000"></item>
  <item id="278" name="德宏傣族景颇族自治州" pid="25" zip="678400"></item>
  <item id="279" name="怒江傈僳族自治州" pid="25" zip="671400"></item>
  <item id="280" name="迪庆藏族自治州" pid="25" zip="674400"></item>
  <item id="281" name="拉萨市" pid="26" zip="850000"></item>
  <item id="282" name="昌都地区" pid="26" zip="854000"></item>
  <item id="283" name="山南地区" pid="26" zip="856000"></item>
  <item id="284" name="日喀则地区" pid="26" zip="857000"></item>
  <item id="285" name="那曲地区" pid="26" zip="852000"></item>
  <item id="286" name="阿里地区" pid="26" zip="859100"></item>
  <item id="287" name="林芝地区" pid="26" zip="860100"></item>
  <item id="288" name="西安市" pid="27" zip="710000"></item>
  <item id="289" name="铜川市" pid="27" zip="727000"></item>
  <item id="290" name="宝鸡市" pid="27" zip="721000"></item>
  <item id="291" name="咸阳市" pid="27" zip="712000"></item>
  <item id="292" name="渭南市" pid="27" zip="714000"></item>
  <item id="293" name="延安市" pid="27" zip="716000"></item>
  <item id="294" name="汉中市" pid="27" zip="723000"></item>
  <item id="295" name="榆林市" pid="27" zip="719000"></item>
  <item id="296" name="安康市" pid="27" zip="725000"></item>
  <item id="297" name="商洛市" pid="27" zip="711500"></item>
  <item id="298" name="兰州市" pid="28" zip="730000"></item>
  <item id="299" name="嘉峪关市" pid="28" zip="735100"></item>
  <item id="300" name="金昌市" pid="28" zip="737100"></item>
  <item id="301" name="白银市" pid="28" zip="730900"></item>
  <item id="302" name="天水市" pid="28" zip="741000"></item>
  <item id="303" name="武威市" pid="28" zip="733000"></item>
  <item id="304" name="张掖市" pid="28" zip="734000"></item>
  <item id="305" name="平凉市" pid="28" zip="744000"></item>
  <item id="306" name="酒泉市" pid="28" zip="735000"></item>
  <item id="307" name="庆阳市" pid="28" zip="744500"></item>
  <item id="308" name="定西市" pid="28" zip="743000"></item>
  <item id="309" name="陇南市" pid="28" zip="742100"></item>
  <item id="310" name="临夏回族自治州" pid="28" zip="731100"></item>
  <item id="311" name="甘南藏族自治州" pid="28" zip="747000"></item>
  <item id="312" name="西宁市" pid="29" zip="810000"></item>
  <item id="313" name="海东地区" pid="29" zip="810600"></item>
  <item id="314" name="海北藏族自治州" pid="29" zip="810300"></item>
  <item id="315" name="黄南藏族自治州" pid="29" zip="811300"></item>
  <item id="316" name="海南藏族自治州" pid="29" zip="813000"></item>
  <item id="317" name="果洛藏族自治州" pid="29" zip="814000"></item>
  <item id="318" name="玉树藏族自治州" pid="29" zip="815000"></item>
  <item id="319" name="海西蒙古族藏族自治州" pid="29" zip="817000"></item>
  <item id="320" name="银川市" pid="30" zip="750000"></item>
  <item id="321" name="石嘴山市" pid="30" zip="753000"></item>
  <item id="322" name="吴忠市" pid="30" zip="751100"></item>
  <item id="323" name="固原市" pid="30" zip="756000"></item>
  <item id="324" name="中卫市" pid="30" zip="751700"></item>
  <item id="325" name="乌鲁木齐市" pid="31" zip="830000"></item>
  <item id="326" name="克拉玛依市" pid="31" zip="834000"></item>
  <item id="327" name="吐鲁番地区" pid="31" zip="838000"></item>
  <item id="328" name="哈密地区" pid="31" zip="839000"></item>
  <item id="329" name="昌吉回族自治州" pid="31" zip="831100"></item>
  <item id="330" name="博尔塔拉蒙古自治州" pid="31" zip="833400"></item>
  <item id="331" name="巴音郭楞蒙古自治州" pid="31" zip="841000"></item>
  <item id="332" name="阿克苏地区" pid="31" zip="843000"></item>
  <item id="333" name="克孜勒苏柯尔克孜自治州" pid="31" zip="835600"></item>
  <item id="334" name="喀什地区" pid="31" zip="844000"></item>
  <item id="335" name="和田地区" pid="31" zip="848000"></item>
  <item id="336" name="伊犁哈萨克自治州" pid="31" zip="833200"></item>
  <item id="337" name="塔城地区" pid="31" zip="834700"></item>
  <item id="338" name="阿勒泰地区" pid="31" zip="836500"></item>
  <item id="339" name="石河子市" pid="31" zip="832000"></item>
  <item id="340" name="阿拉尔市" pid="31" zip="843300"></item>
  <item id="341" name="图木舒克市" pid="31" zip="843900"></item>
  <item id="342" name="五家渠市" pid="31" zip="831300"></item>
  <item id="343" name="香港特别行政区" pid="32" zip="000000"></item>
  <item id="344" name="澳门特别行政区" pid="33" zip="000000"></item>
  <item id="345" name="台湾省" pid="34" zip="000000"></item>
</items>