﻿<?xml version="1.0" encoding="utf-8"?>
<items>
  <item id="1" name="北京市"></item>
  <item id="2" name="天津市"></item>
  <item id="3" name="河北省"></item>
  <item id="4" name="山西省"></item>
  <item id="5" name="内蒙古自治区"></item>
  <item id="6" name="辽宁省"></item>
  <item id="7" name="吉林省"></item>
  <item id="8" name="黑龙江省"></item>
  <item id="9" name="上海市"></item>
  <item id="10" name="江苏省"></item>
  <item id="11" name="浙江省"></item>
  <item id="12" name="安徽省"></item>
  <item id="13" name="福建省"></item>
  <item id="14" name="江西省"></item>
  <item id="15" name="山东省"></item>
  <item id="16" name="河南省"></item>
  <item id="17" name="湖北省"></item>
  <item id="18" name="湖南省"></item>
  <item id="19" name="广东省"></item>
  <item id="20" name="广西壮族自治区"></item>
  <item id="21" name="海南省"></item>
  <item id="22" name="重庆市"></item>
  <item id="23" name="四川省"></item>
  <item id="24" name="贵州省"></item>
  <item id="25" name="云南省"></item>
  <item id="26" name="西藏自治区"></item>
  <item id="27" name="陕西省"></item>
  <item id="28" name="甘肃省"></item>
  <item id="29" name="青海省"></item>
  <item id="30" name="宁夏回族自治区"></item>
  <item id="31" name="新疆维吾尔自治区"></item>
  <item id="32" name="香港特别行政区"></item>
  <item id="33" name="澳门特别行政区"></item>
  <item id="34" name="台湾省"></item>
</items>